ticker,name,sector
AADI.JK,PT Adaro Andalan Indonesia Tbk,Energi
AALI.JK,Astra Agro Lestari Tbk,Barang Konsumen Primer
ABBA.JK,Mahaka Media Tbk,Barang Konsumen Non-Primer
ABDA.JK,PT Asuransi Bina Dana Arta Tbk,Keuangan
ABMM.JK,ABM Investama Tbk,Energi
ACES.JK,PT Aspirasi Hidup Indonesia Tbk,Barang Konsumen Non-Primer
ACRO.JK,PT Samcro Hyosung Adilestari Tbk.,Barang Konsumen Non-Primer
ACST.JK,PT Acset Indonusa Tbk.,Infrastruktur
ADCP.JK,PT Adhi Commuter Properti Tbk,Properti & Real Estat
ADES.JK,Akasha Wira International Tbk  Tbk,Barang Konsumen Primer
ADHI.JK,PT Adhi Karya (Persero) Tbk.,Infrastruktur
ADMF.JK,Adira Dinamika Multi Finance Tbk,Keuangan
ADMG.JK,Polychem Indonesia Tbk,Barang Baku
ADMR.JK,PT Alamtri Minerals Indonesia Tbk,Energi
ADRO.JK,Alamtri Resources Indonesia Tbk,Energi
AEGS.JK,PT Anugerah Spareparts Sejahtera Tbk.,Barang Konsumen Non-Primer
AGAR.JK,PT Asia Sejahtera Mina Tbk,Barang Konsumen Primer
AGII.JK,PT Samator Indo Gas Tbk,Barang Baku
AGRO.JK,PT Bank Raya Indonesia Tbk,Keuangan
AGRS.JK,PT Bank IBK Indonesia Tbk.,Keuangan
AHAP.JK,Asuransi Harta Aman Pratama Tbk,Keuangan
AIMS.JK,PT Artha Mahiya Investama Tbk,Energi
AISA.JK,PT FKS Food Sejahtera Tbk,Barang Konsumen Primer
AKKU.JK,PT Anugerah Kagum Karya Utama Tbk,Barang Konsumen Non-Primer
AKPI.JK,Argha Karya Prima Ind. Tbk,Barang Baku
AKRA.JK,PT AKR Corporindo Tbk.,Energi
AKSI.JK,PT Mineral Sumberdaya Mandiri Tbk,Transportasi & Logistik
ALDO.JK,Alkindo Naratama Tbk,Barang Baku
ALII.JK,PT Ancara Logistics Indonesia Tbk,Energi
ALKA.JK,Alakasa Industrindo Tbk,Barang Baku
ALMI.JK,Alumindo Light Metal Industry Tbk,Barang Baku
ALTO.JK,Tri Banyan Tirta Tbk,Barang Konsumen Primer
AMAG.JK,Asuransi Multi Artha Guna Tbk,Keuangan
AMAN.JK,PT Makmur Berkah Amanda Tbk.,Properti & Real Estat
AMAR.JK,PT Bank Amar Indonesia Tbk.,Keuangan
AMFG.JK,Asahimas Flat Glass Tbk,Perindustrian
AMIN.JK,PT Ateliers Mecaniques D Indonesie Tbk.,Perindustrian
AMMN.JK,PT Amman Mineral Internasional Tbk.,Barang Baku
AMMS.JK,PT Agung Menjangan Mas Tbk,Barang Konsumen Primer
AMOR.JK,PT Ashmore Asset Management Indonesia Tbk.,Keuangan
AMRT.JK,PT Sumber Alfaria Trijaya Tbk.,Barang Konsumen Primer
ANDI.JK,PT Andira Agro Tbk,Barang Konsumen Primer
ANJT.JK,PT Austindo Nusantara Jaya Tbk.,Barang Konsumen Primer
ANTM.JK,Aneka Tambang Tbk.,Barang Baku
APEX.JK,Apexindo Pratama Duta Tbk,Energi
APIC.JK,PACIFIC STRATEGIC FINANCIAL Tbk,Keuangan
APII.JK,PT Arita Prima Indonesia Tbk.,Perindustrian
APLI.JK,Asiaplast Industries Tbk,Barang Baku
APLN.JK,PT Agung Podomoro Land Tbk.,Properti & Real Estat
ARCI.JK,PT Archi Indonesia Tbk,Barang Baku
AREA.JK,PT Dunia Virtual Online Tbk,Teknologi
ARGO.JK,Argo Pantes Tbk,Barang Konsumen Non-Primer
ARII.JK,Atlas Resources Tbk,Energi
ARKA.JK,PT Arkha Jayanti Persada Tbk.,Perindustrian
ARKO.JK,PT Arkora Hydro Tbk.,Infrastruktur
ARMY.JK,PT Armidian Karyatama Tbk,Properti & Real Estat
ARNA.JK,Arwana Citramulia Tbk,Perindustrian
ARTA.JK,Arthavest Tbk,Barang Konsumen Non-Primer
ARTI.JK,Ratu Prabu Energi Tbk,Energi
ARTO.JK,PT Bank Jago Tbk.,Keuangan
ASBI.JK,Asuransi Bintang Tbk,Keuangan
ASDM.JK,Asuransi Dayin Mitra Tbk,Keuangan
ASGR.JK,Astra Graphia Tbk,Perindustrian
ASHA.JK,PT Cilacap Samudera Fishing Industry Tbk,Barang Konsumen Primer
ASII.JK,Astra International Tbk,Perindustrian
ASJT.JK,Asuransi Jasa Tania Tbk,Keuangan
ASLC.JK,PT Autopedia Sukses Lestari Tbk,Barang Konsumen Non-Primer
ASLI.JK,PT Asri Karya Lestari Tbk.,Infrastruktur
ASMI.JK,PT Asuransi Maximus Graha Persada Tbk.,Keuangan
ASPI.JK,PT Andalan Sakti Primaindo Tbk.,Properti & Real Estat
ASPR.JK,PT Asia Pramulia Tbk,Barang Baku
ASRI.JK,ALAM SUTERA REALTY Tbk,Properti & Real Estat
ASRM.JK,Asuransi Ramayana Tbk,Keuangan
ASSA.JK,Adi Sarana Armada Tbk,Transportasi & Logistik
ATAP.JK,PT Trimitra Prawara Goldland Tbk ,Properti & Real Estat
ATIC.JK,PT Anabatic Technologies Tbk,Teknologi
ATLA.JK,PT Atlantis Subsea Indonesia Tbk,Energi
AUTO.JK,Astra Otoparts Tbk,Barang Konsumen Non-Primer
AVIA.JK,PT Avia Avian Tbk,Barang Baku
AWAN.JK,PT Era Digital Media Tbk,Teknologi
AXIO.JK,PT Tera Data Indonusa Tbk,Teknologi
AYAM.JK,PT Janu Putra Sejahtera Tbk.,Barang Konsumen Primer
AYLS.JK,PT Arkayana Lestari Grup Tbk,Barang Baku
BABP.JK,PT Bank MNC Internasional Tbk.,Keuangan
BABY.JK,PT Multitrend Indo Tbk.,Barang Konsumen Non-Primer
BACA.JK,PT Bank Capital Indonesia Tbk,Keuangan
BAIK.JK,PT Bersama Mencapai Puncak Tbk.,Barang Konsumen Non-Primer
BAJA.JK,Saranacentral Bajatama Tbk,Barang Baku
BALI.JK,PT Bali Towerindo Sentra Tbk. ,Infrastruktur
BANK.JK,PT Bank Aladin Syariah Tbk,Keuangan
BAPA.JK,Bekasi Asri Pemula Tbk,Properti & Real Estat
BAPI.JK,PT Bhakti Agung Propertindo Tbk.,Properti & Real Estat
BATA.JK,Sepatu Bata Tbk,Barang Konsumen Non-Primer
BATR.JK,PT Benteng Api Technic Tbk,Barang Baku
BAUT.JK,PT Mitra Angkasa Sejahtera Tbk,Barang Konsumen Non-Primer
BAYU.JK,Bayu Buana Tbk,Barang Konsumen Non-Primer
BBCA.JK,PT Bank Central Asia Tbk.,Keuangan
BBHI.JK,PT Allo Bank Indonesia Tbk,Keuangan
BBKP.JK,PT Bank KB Indonesia Tbk,Keuangan
BBLD.JK,Buana Finance Tbk,Keuangan
BBMD.JK,PT Bank Mestika Dharma Tbk.,Keuangan
BBNI.JK,PT Bank Negara Indonesia (Persero) Tbk,Keuangan
BBRI.JK,PT Bank Rakyat Indonesia (Persero) Tbk,Keuangan
BBRM.JK,Pelayaran Nasional Bina Buana Raya Tbk,Energi
BBSI.JK,PT Krom Bank Indonesia Tbk,Keuangan
BBSS.JK,PT Bumi Benowo Sukses Sejahtera Tbk,Properti & Real Estat
BBTN.JK,PT Bank Tabungan Negara (Persero) Tbk,Keuangan
BBYB.JK,PT Bank Neo Commerce Tbk.,Keuangan
BCAP.JK,MNC Kapital Indonesia Tbk,Keuangan
BCIC.JK,PT Bank JTrust Indonesia Tbk. ,Keuangan
BCIP.JK,Bumi Citra Permai Tbk,Properti & Real Estat
BDKR.JK,PT Berdikari Pondasi Perkasa Tbk.,Infrastruktur
BDMN.JK,PT Bank Danamon Indonesia Tbk,Keuangan
BEBS.JK,PT Berkah Beton Sadaya Tbk,Barang Baku
BEEF.JK,PT Estika Tata Tiara Tbk.,Barang Konsumen Primer
BEER.JK,PT Jobubu Jarum Minahasa Tbk,Barang Konsumen Primer
BEKS.JK,PT Bank Pembangunan Daerah Banten Tbk.,Keuangan
BELI.JK,PT Global Digital Niaga Tbk,Teknologi
BELL.JK,PT Trisula Textile Industries Tbk,Barang Konsumen Non-Primer
BESS.JK,PT Batulicin Nusantara Maritim Tbk.,Energi
BEST.JK,Bekasi Fajar Industrial Estate Tbk,Properti & Real Estat
BFIN.JK,BFI Finance Indonesia Tbk,Keuangan
BGTG.JK,PT Bank Ganesha Tbk.,Keuangan
BHAT.JK,PT Bhakti Multi Artha Tbk.,Keuangan
BHIT.JK,PT MNC Asia Holding Tbk,Perindustrian
BIKA.JK,PT Binakarya Jaya Abadi Tbk.,Properti & Real Estat
BIKE.JK,PT Sepeda Bersama Indonesia Tbk,Barang Konsumen Non-Primer
BIMA.JK,Primarindo Asia Infrastructure Tbk,Barang Konsumen Non-Primer
BINA.JK,PT Bank Ina Perdana Tbk.,Keuangan
BINO.JK,PT Perma Plasindo Tbk ,Perindustrian
BIPI.JK,PT Astrindo Nusantara Infrastruktur Tbk.,Energi
BIPP.JK,Bhuwanatala Indah Permai Tbk,Properti & Real Estat
BIRD.JK,PT Blue Bird Tbk,Transportasi & Logistik
BISI.JK,BISI INTERNATIONAL Tbk,Barang Konsumen Primer
BJBR.JK,Bank Pembangunan Daerah Jawa Barat dan Banten Tbk,Keuangan
BJTM.JK,Bank Pembangunan Daerah Jawa Timur Tbk,Keuangan
BKDP.JK,Bukit Darmo Property Tbk,Properti & Real Estat
BKSL.JK,Sentul City Tbk,Properti & Real Estat
BKSW.JK,PT Bank QNB Indonesia Tbk,Keuangan
BLES.JK,PT Superior Prima Sukses Tbk,Barang Baku
BLOG.JK,PT Trimitra Trans Persada Tbk,Transportasi & Logistik
BLTA.JK,Berlian Laju Tanker Tbk,Transportasi & Logistik
BLTZ.JK,PT Graha Layar Prima Tbk.,Barang Konsumen Non-Primer
BLUE.JK,PT Berkah Prima Perkasa Tbk,Perindustrian
BMAS.JK,PT Bank Maspion Indonesia Tbk.,Keuangan
BMBL.JK,PT Lavender Bina Cendikia Tbk,Barang Konsumen Non-Primer
BMHS.JK,PT Bundamedik Tbk,Kesehatan
BMRI.JK,PT Bank Mandiri (Persero) Tbk,Keuangan
BMSR.JK,Bintang Mitra Semestaraya Tbk,Barang Baku
BMTR.JK,PT Global Mediacom Tbk,Barang Konsumen Non-Primer
BNBA.JK,Bank Bumi Arta Tbk,Keuangan
BNBR.JK,Bakrie & Brothers Tbk,Perindustrian
BNGA.JK,PT Bank CIMB Niaga Tbk,Keuangan
BNII.JK,PT Bank Maybank Indonesia Tbk,Keuangan
BNLI.JK,Bank Permata Tbk,Keuangan
BOAT.JK,PT Newport Marine Services Tbk,Energi
BOBA.JK,PT Formosa Ingredient Factory Tbk,Barang Konsumen Primer
BOGA.JK,PT Apollo Global Interactive Tbk,Barang Konsumen Non-Primer
BOLA.JK,PT Bali Bintang Sejahtera Tbk.,Barang Konsumen Non-Primer
BOLT.JK,PT Garuda Metalindo Tbk.,Barang Konsumen Non-Primer
BOSS.JK,PT Borneo Olah Sarana Sukses Tbk.,Energi
BPFI.JK,PT Woori Finance Indonesia Tbk,Keuangan
BPII.JK,PT Batavia Prosperindo Internasional Tbk.,Keuangan
BPTR.JK,PT Batavia Prosperindo Trans Tbk.,Transportasi & Logistik
BRAM.JK,Indo Kordsa Tbk,Barang Konsumen Non-Primer
BREN.JK,PT Barito Renewables Energy Tbk.,Infrastruktur
BRIS.JK,PT Bank Syariah Indonesia (Persero) Tbk,Keuangan
BRMS.JK,Bumi Resources Minerals Tbk,Barang Baku
BRNA.JK,Berlina Tbk,Barang Baku
BRPT.JK,Barito Pacific Tbk,Barang Baku
BRRC.JK,PT Raja Roti Cemerlang Tbk,Barang Konsumen Primer
BSBK.JK,PT Wulandari Bangun Laksana Tbk,Properti & Real Estat
BSDE.JK,PT Bumi Serpong Damai Tbk,Properti & Real Estat
BSIM.JK,Bank Sinarmas Tbk,Keuangan
BSML.JK,PT Bintang Samudera Mandiri Lines Tbk,Energi
BSSR.JK,Baramulti Suksessarana Tbk,Energi
BSWD.JK,Bank of India Indonesia Tbk,Keuangan
BTEK.JK,Bumi Teknokultura Unggul Tbk,Barang Konsumen Primer
BTEL.JK,Bakrie Telecom Tbk,Infrastruktur
BTON.JK,Betonjaya Manunggal Tbk,Barang Baku
BTPN.JK,PT Bank SMBC Indonesia Tbk,Keuangan
BTPS.JK,PT Bank BTPN Syariah Tbk.,Keuangan
BUAH.JK,PT Segar Kumala Indonesia Tbk,Barang Konsumen Primer
BUDI.JK,PT Budi Starch & Sweetener Tbk.,Barang Konsumen Primer
BUKA.JK,PT Bukalapak.com Tbk,Teknologi
BUKK.JK,Bukaka Teknik Utama Tbk,Infrastruktur
BULL.JK,PT Buana Lintas Lautan Tbk.,Energi
BUMI.JK,Bumi Resources Tbk,Energi
BUVA.JK,PT Bukit Uluwatu Villa Tbk,Barang Konsumen Non-Primer
BVIC.JK,Bank Victoria International Tbk,Keuangan
BWPT.JK,Eagle High Plantations Tbk,Barang Konsumen Primer
BYAN.JK,Bayan Resources Tbk,Energi
CAKK.JK,PT Cahayaputra Asa Keramik Tbk.,Perindustrian
CAMP.JK,PT Campina Ice Cream Industry Tbk.,Barang Konsumen Primer
CANI.JK,PT Capitol Nusantara Indonesia Tbk.,Energi
CARE.JK,PT Metro Healthcare Indonesia Tbk,Kesehatan
CARS.JK,PT Industri dan Perdagangan Bintraco Dharma Tbk,Barang Konsumen Non-Primer
CASA.JK,PT Capital Financial Indonesia Tbk,Keuangan
CASH.JK,PT Cashlez Worldwide Indonesia Tbk.,Teknologi
CASS.JK,Cahaya Aero Services Tbk,Infrastruktur
CBDK.JK,PT Bangun Kosambi Sukses Tbk,Properti & Real Estat
CBMF.JK,PT Cahaya Bintang Medan Tbk,Barang Konsumen Non-Primer
CBPE.JK,PT Citra Buana Prasida Tbk,Properti & Real Estat
CBRE.JK,PT Cakra Buana Resources Energi Tbk,Energi
CBUT.JK,PT Citra Borneo Utama Tbk,Barang Konsumen Primer
CCSI.JK,PT Communication Cable Systems Indonesia Tbk.,Perindustrian
CDIA.JK,PT Chandra Daya Investasi Tbk,Infrastruktur
CEKA.JK,PT Wilmar Cahaya Indonesia Tbk.,Barang Konsumen Primer
CENT.JK,PT Centratama Telekomunikasi Indonesia Tbk.,Infrastruktur
CFIN.JK,Clipan Finance Indonesia Tbk,Keuangan
CGAS.JK,PT Citra Nusantara Gemilang Tbk.,Energi
CHEK.JK,PT Diastika Biotekindo Tbk,Kesehatan
CHEM.JK,PT Chemstar Indonesia Tbk,Barang Baku
CHIP.JK,PT Pelita Teknologi Global Tbk,Teknologi
CINT.JK,PT Chitose Internasional Tbk,Barang Konsumen Non-Primer
CITA.JK,Cita Mineral Investindo Tbk,Barang Baku
CITY.JK,PT Natura City Developments Tbk.,Properti & Real Estat
CLAY.JK,PT Citra Putra Realty Tbk,Barang Konsumen Non-Primer
CLEO.JK,PT Sariguna Primatirta Tbk,Barang Konsumen Primer
CLPI.JK,Colorpak Indonesia Tbk,Barang Baku
CMNP.JK,Citra Marga Nusaphala Persada Tbk,Infrastruktur
CMNT.JK,PT Cemindo Gemilang Tbk,Barang Baku
CMPP.JK,PT AirAsia Indonesia Tbk,Transportasi & Logistik
CMRY.JK,PT Cisarua Mountain Dairy Tbk,Barang Konsumen Primer
CNKO.JK,Exploitasi Energi Indonesia Tbk,Energi
CNMA.JK,PT Nusantara Sejahtera Raya Tbk,Barang Konsumen Non-Primer
CNTX.JK,PT Century Textile Industry Tbk,Barang Konsumen Non-Primer
COAL.JK,PT Black Diamond Resources Tbk,Energi
COCO.JK,PT Wahana Interfood Nusantara Tbk.,Barang Konsumen Primer
COIN.JK,PT Indokripto Koin Semesta Tbk,Keuangan
COWL.JK,COWELL DEVELOPMENT Tbk,Properti & Real Estat
CPIN.JK,Charoen Pokphand Indonesia Tbk,Barang Konsumen Primer
CPRI.JK,PT Capri Nusa Satu Properti Tbk.,Properti & Real Estat
CPRO.JK,Central Proteina Prima Tbk,Barang Konsumen Primer
CRAB.JK,PT Toba Surimi Industries Tbk,Barang Konsumen Primer
CRSN.JK,PT Carsurin Tbk,Perindustrian
CSAP.JK,Catur Sentosa Adiprana Tbk,Barang Konsumen Non-Primer
CSIS.JK,PT Cahayasakti Investindo Sukses Tbk,Properti & Real Estat
CSMI.JK,PT Cipta Selera Murni Tbk.,Barang Konsumen Non-Primer
CSRA.JK,PT Cisadane Sawit Raya Tbk.,Barang Konsumen Primer
CTBN.JK,Citra Tubindo Tbk,Barang Baku
CTRA.JK,Ciputra Development Tbk,Properti & Real Estat
CTTH.JK,Citatah Tbk,Perindustrian
CUAN.JK,PT Petrindo Jaya Kreasi Tbk,Energi
CYBR.JK,PT ITSEC Asia Tbk.,Teknologi
DAAZ.JK,PT Daaz Bara Lestari Tbk,Barang Baku
DADA.JK,PT Diamond Citra Propertindo Tbk.,Properti & Real Estat
DART.JK,Duta Anggada Realty Tbk,Properti & Real Estat
DATA.JK,PT Remala Abadi Tbk,Infrastruktur
DAYA.JK,PT Duta Intidaya Tbk.,Barang Konsumen Primer
DCII.JK,PT DCI Indonesia Tbk,Teknologi
DEAL.JK,PT Dewata Freightinternational Tbk.,Transportasi & Logistik
DEFI.JK,Danasupra Erapacific Tbk,Keuangan
DEPO.JK,PT Caturkarda Depo Bangunan Tbk,Barang Konsumen Non-Primer
DEWA.JK,Darma Henwa Tbk,Energi
DEWI.JK,PT Dewi Shri Farmindo Tbk,Barang Konsumen Primer
DFAM.JK,PT Dafam Property Indonesia Tbk,Barang Konsumen Non-Primer
DGIK.JK,Nusa Konstruksi Enjiniring  Tbk,Infrastruktur
DGNS.JK,PT Diagnos Laboratorium Utama Tbk,Kesehatan
DGWG.JK,PT Delta Giri Wacana Tbk,Barang Baku
DIGI.JK,PT Arkadia Digital Media Tbk,Barang Konsumen Non-Primer
DILD.JK,Intiland Development Tbk,Properti & Real Estat
DIVA.JK,PT Distribusi Voucher Nusantara Tbk,Teknologi
DKFT.JK,Central Omega Resources Tbk,Barang Baku
DKHH.JK,PT Cipta Sarana Medika Tbk,Kesehatan
DLTA.JK,Delta Djakarta Tbk,Barang Konsumen Primer
DMAS.JK,PT Puradelta Lestari Tbk.,Properti & Real Estat
DMMX.JK,PT Digital Mediatama Maxima Tbk,Teknologi
DMND.JK,PT Diamond Food Indonesia Tbk.,Barang Konsumen Primer
DNAR.JK,PT Bank Oke Indonesia Tbk.,Keuangan
DNET.JK,PT Indoritel Makmur Internasional Tbk.,Keuangan
DOID.JK,PT BUMA Internasional Grup Tbk,Energi
DOOH.JK,PT Era Media Sejahtera Tbk,Barang Konsumen Non-Primer
DOSS.JK,PT Global Sukses Digital Tbk,Barang Konsumen Non-Primer
DPNS.JK,Duta Pertiwi Nusantara Tbk,Barang Baku
DPUM.JK,PT Dua Putra Utama Makmur Tbk.,Barang Konsumen Primer
DRMA.JK,PT Dharma Polimetal Tbk,Barang Konsumen Non-Primer
DSFI.JK,Dharma Samudera Fishing Ind. Tbk,Barang Konsumen Primer
DSNG.JK,PT Dharma Satya Nusantara Tbk.,Barang Konsumen Primer
DSSA.JK,Dian Swastatika Sentosa Tbk,Energi
DUCK.JK,PT Jaya Bersama Indo Tbk.,Barang Konsumen Non-Primer
DUTI.JK,Duta Pertiwi Tbk,Properti & Real Estat
DVLA.JK,Darya-Varia Laboratoria Tbk,Kesehatan
DWGL.JK,PT Dwi Guna Laksana Tbk,Energi
DYAN.JK,PT Dyandra Media International Tbk.,Perindustrian
EAST.JK,PT Eastparc Hotel Tbk,Barang Konsumen Non-Primer
ECII.JK,PT Electronic City Indonesia Tbk.,Barang Konsumen Non-Primer
EDGE.JK,PT Indointernet Tbk.,Teknologi
EKAD.JK,Ekadharma International Tbk,Barang Baku
ELIT.JK,PT Data Sinergitama Jaya Tbk,Teknologi
ELPI.JK,PT Pelayaran Nasional Ekalya Purnamasari Tbk,Transportasi & Logistik
ELSA.JK,Elnusa Tbk,Energi
ELTY.JK,Bakrieland Development Tbk,Properti & Real Estat
EMAS.JK,PT Merdeka Gold Resources Tbk,Barang Baku
EMDE.JK,Megapolitan Developments Tbk,Properti & Real Estat
EMTK.JK,Elang Mahkota Teknologi Tbk,Teknologi
ENAK.JK,PT Champ Resto Indonesia Tbk,Barang Konsumen Non-Primer
ENRG.JK,Energi Mega Persada Tbk,Energi
ENVY.JK,PT Envy Technologies Indonesia Tbk,Teknologi
ENZO.JK,PT Morenzo Abadi Perkasa Tbk,Barang Konsumen Primer
EPAC.JK,PT Megalestari Epack Sentosaraya Tbk.,Barang Baku
EPMT.JK,Enseval Putera Megatrading Tbk,Barang Konsumen Primer
ERAA.JK,Erajaya Swasembada Tbk,Barang Konsumen Non-Primer
ERAL.JK,PT Sinar Eka Selaras Tbk,Barang Konsumen Non-Primer
ERTX.JK,Eratex Djaja Tbk,Barang Konsumen Non-Primer
ESIP.JK,PT Sinergi Inti Plastindo Tbk.,Barang Baku
ESSA.JK,ESSA Industries Indonesia Tbk,Barang Baku
ESTA.JK,PT Esta Multi Usaha Tbk.,Barang Konsumen Non-Primer
ESTI.JK,Ever Shine Textile Industry Tbk,Barang Konsumen Non-Primer
ETWA.JK,Eterindo Wahanatama Tbk,Barang Baku
EURO.JK,PT Estee Gold Feet Tbk,Barang Konsumen Primer
EXCL.JK,PT XLSMART Telecom Sejahtera Tbk,Infrastruktur
FAPA.JK,PT FAP Agri Tbk,Barang Konsumen Primer
FAST.JK,PT Fast Food Indonesia Tbk,Barang Konsumen Non-Primer
FASW.JK,Fajar Surya Wisesa Tbk,Barang Baku
FILM.JK,PT MD Entertainment Tbk,Barang Konsumen Non-Primer
FIMP.JK,PT Fimperkasa Utama Tbk,Infrastruktur
FIRE.JK,PT Alfa Energi Investama Tbk.,Energi
FISH.JK,FKS Multi Agro Tbk,Barang Konsumen Primer
FITT.JK,PT Hotel Fitra International Tbk,Barang Konsumen Non-Primer
FLMC.JK,PT Falmaco Nonwoven Industri Tbk,Barang Konsumen Primer
FMII.JK,Fortune Mate Indonesia Tbk,Properti & Real Estat
FOLK.JK,PT Multi Garam Utama Tbk.,Perindustrian
FOOD.JK,PT Sentra Food Indonesia Tbk.,Barang Konsumen Primer
FORE.JK,PT Fore Kopi Indonesia Tbk,Barang Konsumen Primer
FORU.JK,Fortune Indonesia Tbk,Barang Konsumen Non-Primer
FPNI.JK,PT Lotte Chemical Titan Tbk.,Barang Baku
FUJI.JK,PT Fuji Finance Indonesia Tbk.,Keuangan
FUTR.JK,PT Futura Energi Global Tbk,Barang Konsumen Non-Primer
FWCT.JK,PT Wijaya Cahaya Timber Tbk,Barang Baku
GAMA.JK,Aksara Global Development Tbk,Properti & Real Estat
GDST.JK,Gunawan Dianjaya Steel Tbk,Barang Baku
GDYR.JK,Goodyear Indonesia Tbk,Barang Konsumen Non-Primer
GEMA.JK,Gema Grahasarana Tbk,Barang Konsumen Non-Primer
GEMS.JK,Golden Energy Mines Tbk,Energi
GGRM.JK,Gudang Garam Tbk,Barang Konsumen Primer
GGRP.JK,PT Gunung Raja Paksi Tbk.,Barang Baku
GHON.JK,PT Gihon Telekomunikasi Indonesia Tbk,Infrastruktur
GIAA.JK,Garuda Indonesia (Persero) Tbk,Transportasi & Logistik
GJTL.JK,Gajah Tunggal Tbk,Barang Konsumen Non-Primer
GLOB.JK,PT Globe Kita Terang Tbk,Barang Konsumen Non-Primer
GLVA.JK,PT Galva Technologies Tbk,Teknologi
GMFI.JK,PT Garuda Maintenance Facility Aero Asia Tbk.,Infrastruktur
GMTD.JK,Gowa Makassar Tourism Development Tbk,Properti & Real Estat
GOLD.JK,PT Visi Telekomunikasi Infrastruktur Tbk.,Infrastruktur
GOLF.JK,PT Intra GolfLink Resorts Tbk,Barang Konsumen Non-Primer
GOLL.JK,PT Golden Plantation Tbk,Barang Konsumen Primer
GOOD.JK,PT Garudafood Putra Putri Jaya Tbk.,Barang Konsumen Primer
GOTO.JK,PT GoTo Gojek Tokopedia Tbk,Teknologi
GPRA.JK,Perdana Gapura Prima Tbk,Properti & Real Estat
GPSO.JK,PT Geoprima Solusi Tbk,Perindustrian
GRIA.JK,PT Ingria Pratama Capitalindo Tbk,Properti & Real Estat
GRPH.JK,PT Griptha Putra Persada Tbk.,Barang Konsumen Non-Primer
GRPM.JK,PT Graha Prima Mentari Tbk.,Barang Konsumen Primer
GSMF.JK,Equity Development Investment Tbk,Keuangan
GTBO.JK,Garda Tujuh Buana Tbk,Energi
GTRA.JK,PT Grahaprima Suksesmandiri Tbk,Transportasi & Logistik
GTSI.JK,PT GTS Internasional Tbk,Energi
GULA.JK,PT Aman Agrindo Tbk,Barang Konsumen Primer
GUNA.JK,PT Gunanusa Eramandiri Tbk,Barang Konsumen Primer
GWSA.JK,PT Greenwood Sejahtera Tbk,Barang Konsumen Non-Primer
GZCO.JK,Gozco Plantations Tbk,Barang Konsumen Primer
HADE.JK,PT Himalaya Energi Perkasa Tbk,Infrastruktur
HAIS.JK,PT Hasnur Internasional Shipping Tbk,Transportasi & Logistik
HAJJ.JK,PT Arsy Buana Travelindo Tbk,Barang Konsumen Non-Primer
HALO.JK,PT Haloni Jane Tbk,Kesehatan
HATM.JK,PT Habco Trans Maritima Tbk,Transportasi & Logistik
HBAT.JK,PT Minahasa Membangun Hebat Tbk,Properti & Real Estat
HDFA.JK,Radana Bhaskara Finance Tbk,Keuangan
HDIT.JK,PT Hensel Davest Indonesia Tbk,Teknologi
HEAL.JK,PT Medikaloka Hermina Tbk.,Kesehatan
HELI.JK,PT Jaya Trishindo Tbk,Transportasi & Logistik
HERO.JK,PT DFI Retail Nusantara Tbk,Barang Konsumen Primer
HEXA.JK,Hexindo Adiperkasa Tbk,Perindustrian
HGII.JK,PT Hero Global Investment Tbk,Infrastruktur
HILL.JK,PT Hillcon Tbk,Energi
HITS.JK,Humpuss Intermoda Transportasi Tbk,Energi
HKMU.JK,PT HK Metals Utama Tbk,Barang Baku
HMSP.JK,HM Sampoerna Tbk,Barang Konsumen Primer
HOKI.JK,PT Buyung Poetra Sembada Tbk.,Barang Konsumen Primer
HOME.JK,Hotel Mandarine Regency Tbk,Barang Konsumen Non-Primer
HOMI.JK,PT Grand House Mulia Tbk,Properti & Real Estat
HOPE.JK,PT Harapan Duta Pertiwi Tbk.,Perindustrian
HOTL.JK,Saraswati Griya Lestari Tbk,Barang Konsumen Non-Primer
HRME.JK,PT Menteng Heritage Realty Tbk.,Barang Konsumen Non-Primer
HRTA.JK,PT Hartadinata Abadi Tbk,Barang Konsumen Non-Primer
HRUM.JK,Harum Energy Tbk,Energi
HUMI.JK,PT Humpuss Maritim Internasional Tbk,Energi
HYGN.JK,PT Ecocare Indo Pasifik Tbk.,Perindustrian
IATA.JK,PT MNC Energy Investments Tbk,Energi
IBFN.JK,PT Intan Baru Prana Tbk,Perindustrian
IBOS.JK,PT Indo Boga Sukses Tbk,Barang Konsumen Primer
IBST.JK,Inti Bangun Sejahtera Tbk,Infrastruktur
ICBP.JK,Indofood CBP Sukses Makmur Tbk,Barang Konsumen Primer
ICON.JK,Island Concepts Indonesia Tbk,Perindustrian
IDEA.JK,PT Idea Indonesia Akademi Tbk,Barang Konsumen Non-Primer
IDPR.JK,PT Indonesia Pondasi Raya Tbk.,Infrastruktur
IFII.JK,PT Indonesia Fibreboard Industry Tbk,Barang Baku
IFSH.JK,PT Ifishdeco Tbk.,Barang Baku
IGAR.JK,Champion Pacific Indonesia Tbk,Barang Baku
IIKP.JK,Inti Agri Resources Tbk,Barang Konsumen Non-Primer
IKAI.JK,Intikeramik Alamasri Industri Tbk,Perindustrian
IKAN.JK,PT Era Mandiri Cemerlang Tbk,Barang Konsumen Primer
IKBI.JK,Sumi Indo Kabel Tbk,Perindustrian
IKPM.JK,PT Ikapharmindo Putramas Tbk.,Kesehatan
IMAS.JK,Indomobil Sukses Internasional Tbk,Barang Konsumen Non-Primer
IMJS.JK,PT Indomobil Multi Jasa Tbk.,Transportasi & Logistik
IMPC.JK,PT Impack Pratama Industri Tbk,Perindustrian
INAF.JK,Indofarma Tbk.,Kesehatan
INAI.JK,Indal Aluminium Industry Tbk,Barang Baku
INCF.JK,PT Indo Komoditi Korpora Tbk,Barang Baku
INCI.JK,Intanwijaya Internasional Tbk,Barang Baku
INCO.JK,Vale Indonesia Tbk,Barang Baku
INDF.JK,Indofood Sukses Makmur Tbk,Barang Konsumen Primer
INDO.JK,PT Royalindo Investa Wijaya Tbk,Properti & Real Estat
INDR.JK,PT Indo-Rama Synthetics Tbk,Barang Konsumen Non-Primer
INDS.JK,Indospring Tbk,Barang Konsumen Non-Primer
INDX.JK,Tanah Laut Tbk,Perindustrian
INDY.JK,Indika Energy Tbk,Energi
INET.JK,PT Sinergi Inti Andalan Prima Tbk.,Infrastruktur
INKP.JK,Indah Kiat Pulp & Paper Tbk,Barang Baku
INOV.JK,PT Inocycle Technology Group Tbk.,Barang Konsumen Non-Primer
INPC.JK,Bank Artha Graha Internasional Tbk,Keuangan
INPP.JK,Indonesian Paradise Property Tbk,Properti & Real Estat
INPS.JK,PT Indah Prakasa Sentosa Tbk.,Energi
INRU.JK,Toba Pulp Lestari Tbk,Barang Baku
INTA.JK,Intraco Penta Tbk,Perindustrian
INTD.JK,Inter-Delta Tbk,Barang Baku
INTP.JK,Indocement Tunggal Prakarsa Tbk,Barang Baku
IOTF.JK,PT Sumber Sinergi Makmur Tbk,Teknologi
IPAC.JK,PT Era Graharealty Tbk,Properti & Real Estat
IPCC.JK,PT Indonesia Kendaraan Terminal Tbk.,Infrastruktur
IPCM.JK,PT Jasa Armada Indonesia Tbk.,Infrastruktur
IPOL.JK,Indopoly Swakarsa Industry Tbk,Barang Baku
IPPE.JK,PT Indo Pureco Pratama Tbk,Barang Konsumen Primer
IPTV.JK,PT MNC Vision Networks Tbk.,Barang Konsumen Non-Primer
IRRA.JK,PT Itama Ranoraya Tbk.,Kesehatan
IRSX.JK,PT Folago Global Nusantara Tbk,Teknologi
ISAP.JK,PT Isra Presisi Indonesia Tbk,Barang Konsumen Non-Primer
ISAT.JK,PT Indosat Tbk,Infrastruktur
ISEA.JK,PT Indo American Seafoods Tbk,Barang Konsumen Primer
ISSP.JK,PT Steel Pipe Industry of Indonesia Tbk,Barang Baku
ITIC.JK,PT Indonesian Tobacco Tbk.,Barang Konsumen Primer
ITMA.JK,SUMBER ENERGI ANDALAN Tbk,Energi
ITMG.JK,Indo Tambangraya Megah Tbk,Energi
JARR.JK,PT Jhonlin Agro Raya Tbk,Barang Konsumen Primer
JAST.JK,PT Jasnita Telekomindo Tbk. ,Infrastruktur
JATI.JK,PT Informasi Teknologi Indonesia Tbk.,Teknologi
JAWA.JK,Jaya Agra Wattie Tbk,Barang Konsumen Primer
JAYA.JK,PT Armada Berjaya Trans Tbk.,Transportasi & Logistik
JECC.JK,Jembo Cable Company Tbk,Perindustrian
JGLE.JK,PT Graha Andrasentra Propertindo Tbk.,Barang Konsumen Non-Primer
JIHD.JK,Jakarta International Hotels & Development Tbk,Barang Konsumen Non-Primer
JKON.JK,Jaya Konstruksi Manggala Pratama Tbk,Infrastruktur
JMAS.JK,PT Asuransi Jiwa Syariah Jasa Mitra Abadi Tbk,Keuangan
JPFA.JK,JAPFA Comfeed Indonesia Tbk,Barang Konsumen Primer
JRPT.JK,Jaya Real Property Tbk,Properti & Real Estat
JSKY.JK,PT Sky Energy Indonesia Tbk.,Energi
JSMR.JK,PT Jasa Marga Tbk,Infrastruktur
JSPT.JK,Jakarta Setiabudi Internasional Tbk,Barang Konsumen Non-Primer
JTPE.JK,Jasuindo Tiga Perkasa Tbk,Perindustrian
KAEF.JK,Kimia Farma Tbk.,Kesehatan
KAQI.JK,PT Jantra Grupo Indonesia Tbk,Barang Konsumen Non-Primer
KARW.JK,Meratus Jasa Prima Tbk,Infrastruktur
KAYU.JK,PT Darmi Bersaudara Tbk.,Barang Baku
KBAG.JK,PT Karya Bersama Anugerah Tbk,Properti & Real Estat
KBLI.JK,KMI Wire and Cable Tbk,Perindustrian
KBLM.JK,Kabelindo Murni Tbk,Perindustrian
KBLV.JK,First Media Tbk,Infrastruktur
KBRI.JK,Kertas Basuki Rachmat Indonesia Tbk,Barang Baku
KDSI.JK,Kedawung Setia Industrial Tbk,Barang Baku
KDTN.JK,PT Puri Sentul Permai Tbk,Barang Konsumen Non-Primer
KEEN.JK,PT Kencana Energi Lestari Tbk. ,Infrastruktur
KEJU.JK,PT Mulia Boga Raya Tbk,Barang Konsumen Primer
KETR.JK,PT Ketrosden Triasmitra Tbk,Infrastruktur
KIAS.JK,Keramika Indonesia Assosiasi Tbk,Perindustrian
KICI.JK,Kedaung Indah Can Tbk,Barang Konsumen Non-Primer
KIJA.JK,Kawasan Industri Jababeka Tbk,Properti & Real Estat
KING.JK,PT Hoffmen Cleanindo Tbk,Perindustrian
KINO.JK,PT Kino Indonesia Tbk,Barang Konsumen Primer
KIOS.JK,PT Kioson Komersial Indonesia Tbk.,Teknologi
KJEN.JK,PT Krida Jaringan Nusantara Tbk.,Transportasi & Logistik
KKES.JK,PT Kusuma Kemindo Sentosa Tbk,Barang Baku
KKGI.JK,Resource Alam Indonesia Tbk,Energi
KLAS.JK,PT Pelayaran Kurnia Lautan Semesta Tbk,Transportasi & Logistik
KLBF.JK,Kalbe Farma Tbk,Kesehatan
KLIN.JK,PT Klinko Karya Imaji Tbk,Barang Konsumen Non-Primer
KMDS.JK,PT Kurniamitra Duta Sentosa Tbk.,Barang Konsumen Primer
KMTR.JK,PT Kirana Megatara Tbk.,Barang Baku
KOBX.JK,Kobexindo Tractors Tbk,Perindustrian
KOCI.JK,PT Kokoh Exa Nusantara,Properti & Real Estat
KOIN.JK,Kokoh Inti Arebama Tbk,Perindustrian
KOKA.JK,PT Koka Indonesia Tbk.,Infrastruktur
KONI.JK,Perdana Bangun Pusaka Tbk,Perindustrian
KOPI.JK,PT Mitra Energi Persada Tbk,Energi
KOTA.JK,PT DMS Propertindo Tbk.,Barang Konsumen Non-Primer
KPIG.JK,MNC Tourism Indonesia Tbk,Barang Konsumen Non-Primer
KRAS.JK,Krakatau Steel (Persero) Tbk,Barang Baku
KREN.JK,PT Quantum Clovera Investama Tbk.,Teknologi
KRYA.JK,PT Bangun Karya Perkasa Jaya Tbk,Infrastruktur
KSIX.JK,PT Kentanix Supra International Tbk,Properti & Real Estat
KUAS.JK,PT Ace Oldfields Tbk,Perindustrian
LABA.JK,PT Green Power Group Tbk,Perindustrian
LABS.JK,PT UBC Medical Indonesia Tbk,Kesehatan
LAJU.JK,PT Jasa Berdikari Logistics Tbk,Transportasi & Logistik
LAND.JK,PT Trimitra Propertindo Tbk.,Properti & Real Estat
LAPD.JK,Leyand International Tbk,Barang Konsumen Primer
LCGP.JK,PT Eureka Prima Jakarta Tbk.,Properti & Real Estat
LCKM.JK,PT LCK Global Kedaton Tbk,Infrastruktur
LEAD.JK,PT Logindo Samudramakmur Tbk.,Energi
LFLO.JK,PT Imago Mulia Persada Tbk,Barang Konsumen Non-Primer
LIFE.JK,PT MSIG Life Insurance Indonesia Tbk.,Keuangan
LINK.JK,PT Link Net Tbk.,Infrastruktur
LION.JK,Lion Metal Works Tbk,Perindustrian
LIVE.JK,PT Homeco Victoria Makmur Tbk,Barang Konsumen Non-Primer
LMAS.JK,Limas Indonesia Makmur Tbk,Teknologi
LMAX.JK,PT Lupromax Pelumas Indonesia Tbk.,Barang Konsumen Non-Primer
LMPI.JK,Langgeng Makmur Industri Tbk,Barang Konsumen Non-Primer
LMSH.JK,Lionmesh Prima Tbk,Barang Baku
LOPI.JK,PT Logisticsplus International Tbk,Transportasi & Logistik
LPCK.JK,Lippo Cikarang Tbk,Properti & Real Estat
LPGI.JK,Lippo General Insurance Tbk,Keuangan
LPIN.JK,Multi Prima Sejahtera Tbk,Barang Konsumen Non-Primer
LPKR.JK,Lippo Karawaci Tbk,Properti & Real Estat
LPLI.JK,Star Pacific Tbk,Properti & Real Estat
LPPF.JK,PT MDS Retailing Tbk,Barang Konsumen Non-Primer
LPPS.JK,PT Lenox Pasifik Investama Tbk,Keuangan
LRNA.JK,PT Eka Sari Lorena Transport Tbk.,Transportasi & Logistik
LSIP.JK,PP London Sumatra Indonesia Tbk,Barang Konsumen Primer
LTLS.JK,PT Lautan Luas Tbk,Barang Baku
LUCK.JK,PT Sentral Mitra Informatika Tbk.,Teknologi
LUCY.JK,PT Lima Dua Lima Tiga Tbk,Barang Konsumen Non-Primer
MABA.JK,PT Marga Abhinaya Abadi Tbk,Barang Konsumen Non-Primer
MAGP.JK,Multi Agro Gemilang Plantation Tbk,Barang Konsumen Primer
MAHA.JK,PT Mandiri Herindo Adiperkasa Tbk,Energi
MAIN.JK,Malindo Feedmill Tbk,Barang Konsumen Primer
MANG.JK,PT Manggung Polahraya Tbk,Infrastruktur
MAPA.JK,PT Map Aktif Adiperkasa Tbk,Barang Konsumen Non-Primer
MAPB.JK,PT Map Boga Adiperkasa Tbk,Barang Konsumen Non-Primer
MAPI.JK,PT Mitra Adiperkasa Tbk,Barang Konsumen Non-Primer
MARI.JK,PT Mahaka Radio Integra Tbk.,Barang Konsumen Non-Primer
MARK.JK,PT Mark Dynamics Indonesia Tbk.,Perindustrian
MASB.JK,PT Bank Multiarta Sentosa Tbk,Keuangan
MAXI.JK,PT Maxindo Karya Anugerah Tbk,Barang Konsumen Primer
MAYA.JK,PT Bank Mayapada Internasional Tbk,Keuangan
MBAP.JK,PT Mitrabara Adiperdana Tbk,Energi
MBMA.JK,PT Merdeka Battery Materials Tbk,Barang Baku
MBSS.JK,Mitrabahtera Segara Sejati Tbk,Energi
MBTO.JK,Martina Berto Tbk,Barang Konsumen Primer
MCAS.JK,PT M Cash Integrasi Tbk,Teknologi
MCOL.JK,PT Prima Andalan Mandiri Tbk,Energi
MCOR.JK,PT Bank China Construction Bank Indonesia Tbk,Keuangan
MDIA.JK,PT Intermedia Capital Tbk.,Barang Konsumen Non-Primer
MDIY.JK,PT Daya Intiguna Yasa Tbk,Barang Konsumen Non-Primer
MDKA.JK,PT Merdeka Copper Gold Tbk.,Barang Baku
MDKI.JK,PT Emdeki Utama Tbk,Barang Baku
MDLA.JK,PT Medela Potentia Tbk,Kesehatan
MDLN.JK,PT Modernland Realty Tbk.,Properti & Real Estat
MDRN.JK,Modern Internasional Tbk,Perindustrian
MEDC.JK,PT Medco Energi Internasional Tbk,Energi
MEDS.JK,PT Hetzer Medical Indonesia Tbk,Kesehatan
MEGA.JK,Bank Mega Tbk,Keuangan
MEJA.JK,PT Harta Djaya Karya Tbk,Barang Konsumen Non-Primer
MENN.JK,PT Menn Teknologi Indonesia Tbk.,Teknologi
MERI.JK,PT Merry Riana Edukasi Tbk,Barang Konsumen Non-Primer
MERK.JK,Merck Tbk,Kesehatan
META.JK,Nusantara Infrastructure Tbk,Infrastruktur
MFIN.JK,PT Adira Dinamika Multi Finance Tbk,Keuangan
MFMI.JK,Multifiling Mitra Indonesia Tbk,Perindustrian
MGLV.JK,PT Panca Anugrah Wisesa Tbk,Barang Konsumen Non-Primer
MGNA.JK,PT Magna Investama Mandiri Tbk,Barang Konsumen Non-Primer
MGRO.JK,PT Mahkota Group Tbk.,Barang Konsumen Primer
MHKI.JK,PT Multi Hanna Kreasindo Tbk,Perindustrian
MICE.JK,Multi Indocitra Tbk,Barang Konsumen Non-Primer
MIDI.JK,Midi Utama Indonesia Tbk,Barang Konsumen Primer
MIKA.JK,PT Mitra Keluarga Karyasehat Tbk.,Kesehatan
MINA.JK,PT Sanurhasta Mitra Tbk.,Barang Konsumen Non-Primer
MINE.JK,PT Sinar Terang Mandiri Tbk,Barang Baku
MIRA.JK,Mitra International Resources Tbk,Transportasi & Logistik
MITI.JK,Mitra Investindo Tbk,Transportasi & Logistik
MKAP.JK,PT Multikarya Asia Pasifik Raya Tbk,Energi
MKNT.JK,PT Mitra Komunikasi Nusantara Tbk.,Barang Konsumen Non-Primer
MKPI.JK,Metropolitan Kentjana Tbk,Properti & Real Estat
MKTR.JK,PT Menthobi Karyatama Raya Tbk,Barang Konsumen Primer
MLBI.JK,Multi Bintang Indonesia Tbk,Barang Konsumen Primer
MLIA.JK,Mulia Industrindo Tbk,Perindustrian
MLPL.JK,Multipolar Tbk,Barang Konsumen Primer
MLPT.JK,PT Multipolar Technology Tbk.,Teknologi
MMIX.JK,PT Multi Medika Internasional Tbk,Kesehatan
MMLP.JK,PT Mega Manunggal Property Tbk.,Properti & Real Estat
MNCN.JK,Media Nusantara Citra Tbk,Barang Konsumen Non-Primer
MOLI.JK,PT Madusari Murni Indah Tbk.,Barang Baku
MORA.JK,PT Ekamas Mora Republik Tbk,Infrastruktur
MPIX.JK,PT Mitra Pedagang Indonesia Tbk.,Teknologi
MPMX.JK,PT Mitra Pinasthika Mustika Tbk.,Barang Konsumen Non-Primer
MPOW.JK,PT Megapower Makmur Tbk.,Infrastruktur
MPPA.JK,Matahari Putra Prima Tbk,Barang Konsumen Primer
MPRO.JK,PT Maha Properti Indonesia Tbk.,Properti & Real Estat
MPXL.JK,PT MPX Logistics International Tbk,Transportasi & Logistik
MRAT.JK,Mustika Ratu Tbk,Barang Konsumen Primer
MREI.JK,Maskapai Reasuransi Indonesia Tbk,Keuangan
MSIE.JK,PT Multisarana Intan Eduka Tbk,Properti & Real Estat
MSIN.JK,PT MNC Digital Entertainment Tbk,Barang Konsumen Non-Primer
MSJA.JK,PT Multi Spunindo Jaya Tbk.,Barang Konsumen Primer
MSKY.JK,MNC Sky Vision Tbk,Barang Konsumen Non-Primer
MSTI.JK,PT Mastersystem Infotama Tbk.,Teknologi
MTDL.JK,Metrodata Electronics Tbk,Teknologi
MTEL.JK,PT Dayamitra Telekomunikasi Tbk,Infrastruktur
MTFN.JK,Capitalinc Investment Tbk,Energi
MTLA.JK,Metropolitan Land Tbk,Properti & Real Estat
MTMH.JK,PT Murni Sadar Tbk,Kesehatan
MTPS.JK,PT Meta Epsi Tbk.,Infrastruktur
MTRA.JK,PT Mitra Pemuda Tbk.,Infrastruktur
MTSM.JK,Metro Realty Tbk,Properti & Real Estat
MTWI.JK,PT Malacca Trust Wuwungan Insurance Tbk.,Keuangan
MUTU.JK,PT Mutuagung Lestari Tbk,Perindustrian
MYOH.JK,Samindo Resources Tbk,Energi
MYOR.JK,Mayora Indah Tbk,Barang Konsumen Primer
MYTX.JK,PT Asia Pacific Investama Tbk.,Barang Konsumen Non-Primer
NAIK.JK,PT Adiwarna Anugerah Abadi Tbk,Perindustrian
NANO.JK,PT Nanotech Indonesia Global Tbk,Barang Konsumen Primer
NASA.JK,PT Andalan Perkasa Abadi Tbk,Properti & Real Estat
NASI.JK,PT Wahana Inti Makmur Tbk,Barang Konsumen Primer
NATO.JK,PT Olympus Strategic Indonesia Tbk,Barang Konsumen Non-Primer
NAYZ.JK,PT Hassana Boga Sejahtera Tbk,Barang Konsumen Primer
NCKL.JK,PT Trimegah Bangun Persada Tbk.,Barang Baku
NELY.JK,Pelayaran Nelly Dwi Putri Tbk,Transportasi & Logistik
NEST.JK,PT Esta Indonesia Tbk,Barang Konsumen Primer
NETV.JK,PT MDTV Media Technologies Tbk,Barang Konsumen Non-Primer
NFCX.JK,PT NFC Indonesia Tbk,Teknologi
NICE.JK,PT Adhi Kartiko Pratama Tbk,Barang Baku
NICK.JK,PT Charnic Capital Tbk.,Keuangan
NICL.JK,PT PAM Mineral Tbk,Barang Baku
NIKL.JK,Pelat Timah Nusantara Tbk,Barang Baku
NINE.JK,PT Techno9 Indonesia Tbk,Teknologi
NIRO.JK,City Retail Developments Tbk,Properti & Real Estat
NISP.JK,PT Bank OCBC NISP Tbk,Keuangan
NOBU.JK,PT Bank Nationalnobu Tbk.,Keuangan
NPGF.JK,PT Nusa Palapa Gemilang Tbk,Barang Baku
NRCA.JK,PT Nusa Raya Cipta Tbk.,Infrastruktur
NSSS.JK,PT Nusantara Sawit Sejahtera Tbk,Barang Konsumen Primer
NTBK.JK,PT Nusatama Berkah Tbk,Perindustrian
NUSA.JK,PT Sinergi Megah Internusa Tbk,Barang Konsumen Non-Primer
NZIA.JK,"PT Nusantara Almazia, Tbk.",Properti & Real Estat
OASA.JK,PT Maharaksa Biru Energi Tbk,Infrastruktur
OBAT.JK,PT Brigit Biofarmaka Teknologi Tbk,Kesehatan
OBMD.JK,PT OBM Drilchem Tbk,Barang Baku
OCAP.JK,ONIX CAPITAL Tbk,Keuangan
OILS.JK,PT Indo Oil Perkasa Tbk,Barang Konsumen Primer
OKAS.JK,Ancora Indonesia Resources Tbk,Barang Baku
OLIV.JK,PT Oscar Mitra Sukses Sejahtera Tbk,Barang Konsumen Non-Primer
OMED.JK,PT Jayamas Medica Industri Tbk,Kesehatan
OMRE.JK,Indonesia Prima Property Tbk,Properti & Real Estat
OPMS.JK,PT Optima Prima Metal Sinergi Tbk.,Barang Baku
PACK.JK,PT Abadi Nusantara Hijau Investama Tbk,Barang Baku
PADA.JK,PT Personel Alih Daya Tbk,Perindustrian
PADI.JK,Minna Padi Investama Sekuritas Tbk,Keuangan
PALM.JK,PT Provident Investasi Bersama Tbk,Keuangan
PAMG.JK,PT Bima Sakti Pertiwi Tbk,Properti & Real Estat
PANI.JK,PT Pantai Indah Kapuk Dua Tbk.,Properti & Real Estat
PANR.JK,Panorama Sentrawisata Tbk,Barang Konsumen Non-Primer
PANS.JK,Panin Sekuritas Tbk,Keuangan
PART.JK,PT Cipta Perdana Lancar Tbk,Barang Konsumen Non-Primer
PBID.JK,PT Panca Budi Idaman Tbk,Barang Baku
PBRX.JK,Pan Brothers Tbk,Barang Konsumen Non-Primer
PBSA.JK,PT Paramita Bangun Sarana Tbk,Infrastruktur
PCAR.JK,PT Prima Cakrawala Abadi Tbk,Barang Konsumen Primer
PDES.JK,Destinasi Tirta Nusantara Tbk,Barang Konsumen Non-Primer
PDPP.JK,PT Primadaya Plastisindo Tbk,Barang Baku
PEGE.JK,PT Panca Global Kapital Tbk.,Keuangan
PEHA.JK,PT Phapros Tbk,Kesehatan
PEVE.JK,PT Penta Valent Tbk,Kesehatan
PGAS.JK,PT Perusahaan Gas Negara (Persero) Tbk,Energi
PGEO.JK,PT Pertamina Geothermal Energy Tbk,Infrastruktur
PGJO.JK,PT Bahtera Bumi Raya Tbk,Teknologi
PGLI.JK,Pembangunan Graha Lestari Indah Tbk,Barang Konsumen Non-Primer
PGUN.JK,PT Pradiksi Gunatama Tbk,Barang Konsumen Primer
PICO.JK,Pelangi Indah Canindo Tbk,Barang Baku
PIPA.JK,PT Multi Makmur Lemindo Tbk.,Perindustrian
PJAA.JK,Pembangunan Jaya Ancol Tbk,Barang Konsumen Non-Primer
PJHB.JK,PT Pelayaran Jaya Hidup Baru Tbk,Transportasi & Logistik
PKPK.JK,Paragon Karya Perkasa Tbk,Energi
PLAN.JK,PT Planet Properindo Jaya Tbk,Barang Konsumen Non-Primer
PLAS.JK,Polaris Investama Tbk,Keuangan
PLIN.JK,Plaza Indonesia Realty Tbk,Properti & Real Estat
PMJS.JK,PT Putra Mandiri Jembar Tbk,Barang Konsumen Non-Primer
PMMP.JK,PT Panca Mitra Multiperdana Tbk.,Barang Konsumen Primer
PMUI.JK,PT Prima Multi Usaha Indonesia Tbk,Barang Konsumen Non-Primer
PNBN.JK,Bank Pan Indonesia Tbk,Keuangan
PNBS.JK,PT Bank Panin Dubai Syariah Tbk.,Keuangan
PNGO.JK,PT Pinago Utama Tbk,Barang Konsumen Primer
PNIN.JK,Paninvest Tbk,Keuangan
PNLF.JK,Panin Financial Tbk,Keuangan
PNSE.JK,Pudjiadi & Sons Tbk,Barang Konsumen Non-Primer
POLA.JK,PT Pool Advista Finance Tbk.,Keuangan
POLI.JK,PT Pollux Hotels Group Tbk,Properti & Real Estat
POLL.JK,PT Pollux Properties Indonesia Tbk.,Properti & Real Estat
POLU.JK,PT Golden Flower Tbk.,Barang Konsumen Non-Primer
POLY.JK,Asia Pacific Fibers Tbk,Barang Konsumen Non-Primer
POOL.JK,Pool Advista Indonesia Tbk,Keuangan
PORT.JK,PT Nusantara Pelabuhan Handal Tbk.,Infrastruktur
POSA.JK,PT Bliss Properti Indonesia Tbk.,Properti & Real Estat
POWR.JK,PT Cikarang Listrindo Tbk.,Infrastruktur
PPGL.JK,PT Prima Globalindo Logistik Tbk.,Transportasi & Logistik
PPRE.JK,PT PP Presisi Tbk.,Infrastruktur
PPRI.JK,PT Paperocks Indonesia Tbk.,Barang Baku
PPRO.JK,PT PP Properti Tbk.,Properti & Real Estat
PRAY.JK,PT Famon Awal Bros Sedaya Tbk,Kesehatan
PRDA.JK,PT Prodia Widyahusada Tbk.,Kesehatan
PRIM.JK,PT Royal Prima Tbk.,Kesehatan
PSAB.JK,J RESOURCES ASIA PASIFIK Tbk,Barang Baku
PSAT.JK,PT Pancaran Samudera Transport Tbk,Energi
PSDN.JK,Prasidha Aneka Niaga Tbk,Barang Konsumen Primer
PSGO.JK,PT Palma Serasih Tbk.,Barang Konsumen Primer
PSKT.JK,PT Red Planet Indonesia Tbk,Barang Konsumen Non-Primer
PSSI.JK,PT IMC Pelita Logistik Tbk,Energi
PTBA.JK,PT Bukit Asam (Persero) Tbk,Energi
PTDU.JK,PT Djasa Ubersakti Tbk,Infrastruktur
PTIS.JK,Indo Straits Tbk,Energi
PTMP.JK,PT Mitra Pack Tbk.,Perindustrian
PTMR.JK,PT Master Print Tbk,Barang Baku
PTPP.JK,PP (Persero) Tbk,Infrastruktur
PTPS.JK,PT Pulau Subur Tbk.,Barang Konsumen Primer
PTPW.JK,PT Pratama Widya Tbk.,Infrastruktur
PTRO.JK,Petrosea Tbk,Energi
PTSN.JK,Sat Nusapersada Tbk,Teknologi
PTSP.JK,Pioneerindo Gourmet International Tbk,Barang Konsumen Non-Primer
PUDP.JK,Pudjiadi Prestige Tbk,Properti & Real Estat
PURA.JK,PT Putra Rajawali Kencana Tbk.,Transportasi & Logistik
PURE.JK,PT Trinitan Metals and Minerals Tbk,Barang Baku
PURI.JK,PT Puri Global Sukses Tbk,Properti & Real Estat
PWON.JK,Pakuwon Jati Tbk,Properti & Real Estat
PYFA.JK,PT Pyridam Farma Tbk,Kesehatan
PZZA.JK,PT Sarimelati Kencana Tbk.,Barang Konsumen Non-Primer
RAAM.JK,PT Tripar Multivision Plus Tbk.,Barang Konsumen Non-Primer
RAFI.JK,PT Sari Kreasi Boga Tbk,Barang Konsumen Non-Primer
RAJA.JK,Rukun Raharja Tbk,Energi
RALS.JK,Ramayana Lestari Sentosa Tbk,Barang Konsumen Non-Primer
RANC.JK,Supra Boga Lestari Tbk,Barang Konsumen Primer
RATU.JK,PT Raharja Energi Cepu Tbk,Energi
RBMS.JK,Ristia Bintang Mahkotasejati Tbk,Properti & Real Estat
RCCC.JK,PT Utama Radar Cahaya Tbk,Transportasi & Logistik
RDTX.JK,Roda Vivatex Tbk,Properti & Real Estat
REAL.JK,PT Repower Asia Indonesia Tbk.,Properti & Real Estat
RELF.JK,PT Graha Mitra Asia Tbk. ,Properti & Real Estat
RELI.JK,Reliance Sekuritas Indonesia Tbk,Keuangan
RGAS.JK,PT Kian Santang Muliatama Tbk.,Energi
RICY.JK,Ricky Putra Globalindo Tbk,Barang Konsumen Non-Primer
RIGS.JK,Rig Tenders Tbk,Energi
RIMO.JK,PT Rimo International Lestari Tbk.,Properti & Real Estat
RISE.JK,PT Jaya Sukses Makmur Sentosa Tbk.,Properti & Real Estat
RLCO.JK,PT Abadi Lestari Indonesia Tbk,Barang Konsumen Primer
RMKE.JK,PT RMK Energy Tbk,Energi
RMKO.JK,PT Royaltama Mulia Kontraktorindo Tbk.,Energi
ROCK.JK,PT Rockfields Properti Indonesia Tbk.,Properti & Real Estat
RODA.JK,Pikko Land Development Tbk,Properti & Real Estat
RONY.JK,PT Aracord Nusantara Group Tbk,Infrastruktur
ROTI.JK,PT Nippon Indosari Corpindo Tbk,Barang Konsumen Primer
RSCH.JK,PT Charlie Hospital Semarang Tbk.,Kesehatan
RSGK.JK,PT Kedoya Adyaraya Tbk,Kesehatan
RUIS.JK,Radiant Utama Interinsco Tbk,Energi
RUNS.JK,PT Global Sukses Solusi Tbk,Teknologi
SAFE.JK,Steady Safe Tbk,Transportasi & Logistik
SAGE.JK,PT Saptausaha Gemilangindah Tbk,Properti & Real Estat
SAME.JK,Sarana Meditama Metropolitan Tbk,Kesehatan
SAMF.JK,PT Saraswanti Anugerah Makmur Tbk.,Barang Baku
SAPX.JK,PT Satria Antaran Prima Tbk.,Transportasi & Logistik
SATU.JK,PT Kota Satu Properti Tbk.,Properti & Real Estat
SBAT.JK,PT Sejahtera Bintang Abadi Textile Tbk.,Barang Konsumen Non-Primer
SBMA.JK,PT Surya Biru Murni Acetylene Tbk,Barang Baku
SCCO.JK,PT Supreme Cable Manufacturing & Commerce Tbk,Perindustrian
SCMA.JK,Surya Citra Media Tbk,Barang Konsumen Non-Primer
SCNP.JK,PT Selaras Citra Nusantara Perkasa Tbk,Barang Konsumen Non-Primer
SCPI.JK,PT Organon Pharma Indonesia Tbk,Kesehatan
SDMU.JK,Sidomulyo Selaras Tbk,Transportasi & Logistik
SDPC.JK,Millennium Pharmacon International Tbk,Barang Konsumen Primer
SDRA.JK,PT Bank Woori Saudara Indonesia 1906 Tbk,Keuangan
SEMA.JK,PT Semacom Integrated Tbk,Energi
SFAN.JK,PT Surya Fajar Capital Tbk,Keuangan
SGER.JK,PT Sumber Global Energy Tbk.,Energi
SGRO.JK,PT Prime Agri Resources Tbk,Barang Konsumen Primer
SHID.JK,Hotel Sahid Jaya Tbk,Barang Konsumen Non-Primer
SHIP.JK,PT Sillo Maritime Perdana Tbk,Energi
SICO.JK,PT Sigma Energy Compressindo Tbk,Energi
SIDO.JK,PT Industri Jamu Dan Farmasi Sido Muncul Tbk,Kesehatan
SILO.JK,PT Siloam International Hospitals Tbk.,Kesehatan
SIMA.JK,Siwani Makmur Tbk,Barang Baku
SIMP.JK,Salim Ivomas Pratama Tbk,Barang Konsumen Primer
SINI.JK,PT Singaraja Putra Tbk.,Perindustrian
SIPD.JK,PT Sreeya Sewu Indonesia Tbk,Barang Konsumen Primer
SKBM.JK,Sekar Bumi Tbk,Barang Konsumen Primer
SKLT.JK,Sekar Laut Tbk,Barang Konsumen Primer
SKRN.JK,PT Superkrane Mitra Utama Tbk,Perindustrian
SKYB.JK,PT Northcliff Citranusa Indonesia Tbk.,Teknologi
SLIS.JK,PT Gaya Abadi Sempurna Tbk,Barang Konsumen Non-Primer
SMAR.JK,PT Sinar Mas Agro Resources and Technology Tbk,Barang Konsumen Primer
SMBR.JK,PT Semen Baturaja (Persero) Tbk,Barang Baku
SMCB.JK,PT Solusi Bangun Indonesia Tbk,Barang Baku
SMDM.JK,Suryamas Dutamakmur Tbk,Properti & Real Estat
SMDR.JK,Samudera Indonesia Tbk,Transportasi & Logistik
SMGA.JK,PT Sumber Mineral Global Abadi Tbk,Barang Baku
SMGR.JK,Semen Indonesia (Persero) Tbk,Barang Baku
SMIL.JK,PT Sarana Mitra Luas Tbk,Perindustrian
SMKL.JK,PT Satyamitra Kemas Lestari Tbk,Barang Baku
SMKM.JK,PT Sumber Mas Konstruksi Tbk,Infrastruktur
SMLE.JK,PT Sinergi Multi Lestarindo Tbk,Barang Baku
SMMA.JK,PT Sinar Mas Multiartha Tbk,Keuangan
SMMT.JK,GOLDEN EAGLE ENERGY Tbk,Energi
SMRA.JK,PT Summarecon Agung Tbk,Properti & Real Estat
SMRU.JK,SMR Utama Tbk,Energi
SMSM.JK,Selamat Sempurna Tbk,Barang Konsumen Non-Primer
SNLK.JK,PT Sunter Lakeside Hotel Tbk.,Barang Konsumen Non-Primer
SOCI.JK,PT Soechi Lines Tbk. ,Energi
SOFA.JK,PT Solusi Environment Asia Tbk,Barang Konsumen Non-Primer
SOHO.JK,PT Soho Global Health Tbk,Kesehatan
SOLA.JK,PT Xolare RCR Energy Tbk,Barang Baku
SONA.JK,Sona Topas Tourism Industry Tbk,Barang Konsumen Non-Primer
SOSS.JK,PT Shield On Service Tbk.,Perindustrian
SOTS.JK,PT Satria Mega Kencana Tbk.,Barang Konsumen Non-Primer
SOUL.JK,PT Mitra Tirta Buwana Tbk,Barang Konsumen Primer
SPMA.JK,Suparma Tbk,Barang Baku
SPRE.JK,PT Soraya Berjaya Indonesia Tbk,Barang Konsumen Non-Primer
SPTO.JK,PT Surya Pertiwi Tbk,Perindustrian
SQMI.JK,Wilton Makmur Indonesia Tbk,Barang Baku
SRAJ.JK,Sejahteraraya Anugrahjaya Tbk,Kesehatan
SRIL.JK,PT Sri Rejeki Isman Tbk,Barang Konsumen Non-Primer
SRSN.JK,Indo Acidatama Tbk,Barang Baku
SRTG.JK,PT Saratoga Investama Sedaya Tbk.,Keuangan
SSIA.JK,PT Surya Semesta Internusa Tbk,Infrastruktur
SSMS.JK,PT Sawit Sumbermas Sarana Tbk. ,Barang Konsumen Primer
SSTM.JK,Sunson Textile Manufacturer Tbk,Barang Konsumen Non-Primer
STAA.JK,PT Sumber Tani Agung Resources Tbk,Barang Konsumen Primer
STAR.JK,PT Calculus Global Ventures Tbk,Keuangan
STRK.JK,PT Lovina Beach Brewery Tbk.,Barang Konsumen Primer
STTP.JK,PT Siantar Top Tbk,Barang Konsumen Primer
SUGI.JK,Sugih Energy Tbk,Energi
SULI.JK,PT SLJ Global Tbk,Barang Baku
SUNI.JK,PT Sunindo Pratama Tbk,Energi
SUPA.JK,PT Super Bank Indonesia Tbk,Keuangan
SUPR.JK,Solusi Tunas Pratama Tbk,Infrastruktur
SURE.JK,PT Super Energy Tbk.,Energi
SURI.JK,PT Maja Agung Latexindo Tbk.,Kesehatan
SWAT.JK,PT Sriwahana Adityakarta Tbk.,Barang Baku
SWID.JK,PT Saraswanti Indoland Development Tbk,Barang Konsumen Non-Primer
TALF.JK,PT Tunas Alfin Tbk,Barang Baku
TAMA.JK,PT Lancartama Sejati Tbk.,Infrastruktur
TAMU.JK,PT Pelayaran Tamarin Samudra Tbk.,Energi
TAPG.JK,PT Triputra Agro Persada Tbk.,Barang Konsumen Primer
TARA.JK,PT Agung Semesta Sejahtera Tbk,Properti & Real Estat
TAXI.JK,Express Transindo Utama Tbk,Transportasi & Logistik
TAYS.JK,PT Jaya Swarasa Agung Tbk,Barang Konsumen Primer
TBIG.JK,PT Tower Bersama Infrastructure Tbk,Infrastruktur
TBLA.JK,Tunas Baru Lampung Tbk,Barang Konsumen Primer
TBMS.JK,Tembaga Mulia Semanan Tbk,Barang Baku
TCID.JK,Mandom Indonesia Tbk,Barang Konsumen Primer
TCPI.JK,PT Transcoal Pacific Tbk.,Energi
TDPM.JK,PT Tianrong Chemicals Industry Tbk,Barang Baku
TEBE.JK,PT Dana Brata Luhur Tbk.,Energi
TECH.JK,PT Indosterling Technomedia Tbk,Teknologi
TELE.JK,PT Omni Inovasi Indonesia Tbk,Barang Konsumen Non-Primer
TFAS.JK,PT Telefast Indonesia Tbk.,Teknologi
TFCO.JK,Tifico Fiber Indonesia Tbk,Barang Konsumen Non-Primer
TGKA.JK,Tigaraksa Satria Tbk,Barang Konsumen Primer
TGRA.JK,PT Terregra Asia Energy,Infrastruktur
TGUK.JK,PT Platinum Wahab Nusantara Tbk.,Barang Konsumen Primer
TIFA.JK,KDB Tifa Finance Tbk,Keuangan
TINS.JK,PT Timah Tbk. ,Barang Baku
TIRA.JK,Tira Austenite Tbk,Perindustrian
TIRT.JK,Tirta Mahakam Resources Tbk,Barang Baku
TKIM.JK,Pabrik Kertas Tjiwi Kimia Tbk,Barang Baku
TLDN.JK,PT Teladan Prima Agro Tbk,Barang Konsumen Primer
TLKM.JK,PT Telkom Indonesia (Persero) Tbk,Infrastruktur
TMAS.JK,PT Temas Tbk.,Transportasi & Logistik
TMPO.JK,Tempo Inti Media Tbk,Barang Konsumen Non-Primer
TNCA.JK,PT Trimuda Nuansa Citra Tbk.,Transportasi & Logistik
TOBA.JK,PT TBS Energi Utama Tbk,Energi
TOOL.JK,PT Rohartindo Nusantara Luas Tbk,Barang Konsumen Non-Primer
TOPS.JK,PT Totalindo Eka Persada Tbk.,Infrastruktur
TOSK.JK,PT Topindo Solusi Komunika Tbk.,Teknologi
TOTL.JK,Total Bangun Persada Tbk,Infrastruktur
TOTO.JK,Surya Toto Indonesia Tbk,Perindustrian
TOWR.JK,Sarana Menara Nusantara Tbk,Infrastruktur
TOYS.JK,PT Sunindo Adipersada Tbk.,Barang Konsumen Non-Primer
TPIA.JK,PT Chandra Asri Pacific Tbk,Barang Baku
TPMA.JK,Trans Power Marine Tbk,Energi
TRAM.JK,Trada Alam Minera Tbk.,Energi
TRGU.JK,PT Cerestar Indonesia Tbk,Barang Konsumen Primer
TRIL.JK,Triwira Insanlestari Tbk,Perindustrian
TRIM.JK,PT Trimegah Sekuritas Indonesia Tbk,Keuangan
TRIN.JK,PT Perintis Triniti Properti Tbk,Properti & Real Estat
TRIO.JK,Trikomsel Oke Tbk,Barang Konsumen Non-Primer
TRIS.JK,Trisula International Tbk,Barang Konsumen Non-Primer
TRJA.JK,PT Transkon Jaya Tbk.,Transportasi & Logistik
TRON.JK,PT Teknologi Karya Digital Nusa Tbk.,Teknologi
TRST.JK,Trias Sentosa Tbk,Barang Baku
TRUE.JK,PT Triniti Dinamik Tbk,Properti & Real Estat
TRUK.JK,PT Guna Timur Raya Tbk.,Transportasi & Logistik
TRUS.JK,Trust Finance Indonesia Tbk,Keuangan
TSPC.JK,Tempo Scan Pacific Tbk,Kesehatan
TUGU.JK,PT Asuransi Tugu Pratama Indonesia Tbk,Keuangan
TYRE.JK,PT King Tire Indonesia Tbk.,Barang Konsumen Non-Primer
UANG.JK,PT Pakuan Tbk,Properti & Real Estat
UCID.JK,PT Uni-Charm Indonesia Tbk.,Barang Konsumen Primer
UDNG.JK,PT Agro Bahari Nusantara Tbk,Barang Konsumen Primer
UFOE.JK,PT Damai Sejahtera Abadi Tbk,Barang Konsumen Non-Primer
ULTJ.JK,PT Ultrajaya Milk Industry & Trading Company Tbk,Barang Konsumen Primer
UNIC.JK,Unggul Indah Cahaya Tbk,Barang Baku
UNIQ.JK,PT Ulima Nitra Tbk,Energi
UNIT.JK,Nusantara Inti Corpora Tbk,Barang Konsumen Non-Primer
UNSP.JK,Bakrie Sumatera Plantations Tbk,Barang Konsumen Primer
UNTD.JK,PT Terang Dunia Internusa Tbk.,Barang Konsumen Non-Primer
UNTR.JK,United Tractors Tbk,Perindustrian
UNVR.JK,Unilever Indonesia Tbk,Barang Konsumen Primer
URBN.JK,PT Urban Jakarta Propertindo Tbk.,Properti & Real Estat
UVCR.JK,PT Trimegah Karya Pratama Tbk.,Teknologi
VAST.JK,PT Vastland Indonesia Tbk,Properti & Real Estat
VERN.JK,PT Verona Indah Pictures Tbk,Barang Konsumen Non-Primer
VICI.JK,PT Victoria Care Indonesia Tbk,Barang Konsumen Primer
VICO.JK,PT Victoria Investama Tbk.,Keuangan
VINS.JK,PT Victoria Insurance Tbk.,Keuangan
VISI.JK,PT Satu Visi Putra Tbk.,Perindustrian
VIVA.JK,PT Visi Media Asia Tbk,Barang Konsumen Non-Primer
VKTR.JK,PT VKTR Teknologi Mobilitas Tbk,Barang Konsumen Non-Primer
VOKS.JK,Voksel Electric Tbk,Perindustrian
VRNA.JK,PT Mizuho Leasing Indonesia Tbk,Keuangan
VTNY.JK,PT Venteny Fortuna International Tbk,Keuangan
WAPO.JK,Wahana Pronatural Tbk,Barang Konsumen Primer
WBSA.JK,PT BSA Logistics Indonesia Tbk,Transportasi & Logistik
WEGE.JK,PT Wijaya Karya Bangunan Gedung Tbk.,Infrastruktur
WEHA.JK,PT WEHA Transportasi Indonesia Tbk,Transportasi & Logistik
WGSH.JK,PT Wira Global Solusi Tbk,Teknologi
WICO.JK,Wicaksana Overseas International Tbk,Barang Konsumen Primer
WIDI.JK,PT Widiant Jaya Krenindo Tbk.,Perindustrian
WIFI.JK,PT Solusi Sinergi Digital Tbk,Teknologi
WIIM.JK,Wismilak Inti Makmur Tbk,Barang Konsumen Primer
WIKA.JK,PT Wijaya Karya (Persero) Tbk,Infrastruktur
WINE.JK,PT Hatten Bali Tbk,Barang Konsumen Primer
WINR.JK,PT Winner Nusantara Jaya Tbk,Properti & Real Estat
WINS.JK,Wintermar Offshore Marine Tbk,Energi
WIRG.JK,PT WIR ASIA Tbk,Teknologi
WMPP.JK,PT Widodo Makmur Perkasa Tbk,Barang Konsumen Primer
WMUU.JK,PT Widodo Makmur Unggas Tbk,Barang Konsumen Primer
WOMF.JK,PT Wahana Ottomitra Multiartha Tbk,Keuangan
WOOD.JK,PT Integra Indocabinet Tbk,Barang Konsumen Non-Primer
WOWS.JK,PT Ginting Jaya Energi Tbk,Energi
WSBP.JK,PT Waskita Beton Precast Tbk.,Barang Baku
WSKT.JK,PT Waskita Karya (Persero) Tbk,Infrastruktur
WTON.JK,Wijaya Karya Beton,Barang Baku
YELO.JK,PT Yelooo Integra Datanet Tbk.,Barang Konsumen Non-Primer
YOII.JK,PT Asuransi Digital Bersama Tbk,Keuangan
YPAS.JK,Yanaprima Hastapersada Tbk,Barang Baku
YULE.JK,Yulie Sekuritas Indonesia Tbk,Keuangan
YUPI.JK,PT Yupi Indo Jelly Gum Tbk,Barang Konsumen Primer
ZATA.JK,PT Bersama Zatta Jaya Tbk,Barang Konsumen Non-Primer
ZBRA.JK,PT Dosni Roha Indonesia Tbk,Perindustrian
ZINC.JK,PT Kapuas Prima Coal Tbk,Barang Baku
ZONE.JK,PT Mega Perintis Tbk.,Barang Konsumen Non-Primer
ZYRX.JK,PT Zyrexindo Mandiri Buana Tbk,Teknologi
